AD_ID,AssetID,AssetType,LeasePartner,MakeValue,VehicleCity,BoxStatus,ChassisNumber,LeaseAgreementNum,ClientID,VehicleNumber,LeaseStartDate,LeaseEndDate,BikeIssueDate,Project,RowStatus,AdditionalDocs,Created,OrgID,CreatedBy,LastUpdated,UpdatedBy,UsageType,EmpID,AssignDate,AssignLocation,F_EmpID,F_AssignDate,AssetName,ModelValue,UniqueIdentifyTag,ManufactureSerialNo,ManufacturingDate,ManufacturingDueDate,WarrantyDate,ServiceCenter,Location
110,2DD12DE1C74111EFBA7E000C2971ED6B,MOUSE,NULL,HP,NULL,NULL,NULL,NULL,NULL,NULL,NULL,NULL,NULL,NULL,A,NULL,"2024-12-31 12:03:42.725",51,B22601CFB91911EFBDA1000C2971ED6B,"2025-01-02 10:34:00.559",B22601CFB91911EFBDA1000C2971ED6B,NULL,NULL,2025-03-06,NULL,TNL0027,2025-03-07,BAT,HP_Z3700,4467898a65,3256789xx43245678908,2024-12-01,2025-01-16,2024-12-31,hyd,NULL
111,763383CEC74111EFBA7E000C2971ED6B,MOBILE,NULL,,NULL,NULL,NULL,NULL,NULL,NULL,NULL,NULL,NULL,NULL,A,NULL,"2024-12-31 12:05:44.166",51,B22601CFB91911EFBDA1000C2971ED6B,"2024-12-31 12:05:44.166",NULL,NULL,NULL,NULL,NULL,NULL,NULL,Bang,IPHONE_3G,446798a65,32567893343245678908,2024-12-01,2025-01-16,2024-12-31,hyd,NULL
114,AC9CA0D1C74511EFBA7E000C2971ED6B,CANTER,NULL,DAIMLER,NULL,NULL,NULL,NULL,NULL,NULL,NULL,NULL,NULL,NULL,A,NULL,"2024-12-31 12:35:53.439",51,B22601CFB91911EFBDA1000C2971ED6B,"2024-12-31 12:35:53.439",NULL,NULL,TNL0159,2025-02-07,NULL,NULL,NULL,Benz,DAIMLER_X01,121212,NULL,,,,NULL,NULL
115,E0A1E56FC74511EFBA7E000C2971ED6B,CAR,NULL,MARUTI_SUZUKI,NULL,NULL,NULL,NULL,NULL,NULL,NULL,NULL,NULL,NULL,A,NULL,"2024-12-31 12:37:20.715",110,66262A0EC73B11EFBA7E000C2971ED6B,"2025-01-30 16:40:33.752",66262A0EC73B11EFBA7E000C2971ED6B,PERSONAL,YAM0053,2025-02-11,401,NULL,NULL,Benz,SEDANS,9645296452,NULL,NULL,NULL,NULL,NULL,401
116,302C2CA1C74611EFBA7E000C2971ED6B,BICYCLE,NULL,HERO_CYCLE,NULL,NULL,NULL,NULL,NULL,NULL,NULL,NULL,NULL,NULL,A,NULL,"2024-12-31 12:39:34.161",110,66262A0EC73B11EFBA7E000C2971ED6B,"2025-02-07 11:49:23.744",66262A0EC73B11EFBA7E000C2971ED6B,NULL,YAM0055,2025-02-11,401,NULL,NULL,Nano,MOUNTAIN_BICYCLES,9652653265,NULL,NULL,NULL,NULL,NULL,401
117,C8724B82C75A11EFBA7E000C2971ED6B,BIKE,NULL,YAMAHA,NULL,NULL,NULL,NULL,NULL,NULL,NULL,NULL,NULL,NULL,A,NULL,"2024-12-31 15:06:59.569",51,B22601CFB91911EFBDA1000C2971ED6B,"2024-12-31 15:06:59.569",NULL,NULL,TNL0215,2025-02-25,NULL,NULL,NULL,Bike,YAMAHA_MT-15,8978989,NULL,,,,NULL,NULL
118,E4D2F079C75A11EFBA7E000C2971ED6B,TRUCK,NULL,MAHINDRA,NULL,NULL,NULL,NULL,NULL,NULL,NULL,NULL,NULL,NULL,A,NULL,"2024-12-31 15:07:47.178",51,B22601CFB91911EFBDA1000C2971ED6B,"2024-12-31 15:07:47.178",NULL,NULL,NULL,NULL,NULL,NULL,NULL,Van,MAHINDRA_XUV500,78999889,NULL,,,,NULL,NULL
124,DB636A05C9C711EFBA7E000C2971ED6B,MOBILE,NULL,,NULL,NULL,NULL,NULL,NULL,NULL,NULL,NULL,NULL,NULL,A,NULL,"2025-01-03 17:12:48.817",115,0AA13D91C9C711EFBA7E000C2971ED6B,"2025-01-03 17:12:48.817",NULL,PERSONAL,BMW0001,2025-01-03,NULL,NULL,NULL,Bat,,2345678908,NULL,,,,NULL,NULL
125,E967D9C1C9C711EFBA7E000C2971ED6B,LANDLINE,NULL,,NULL,NULL,NULL,NULL,NULL,NULL,NULL,NULL,NULL,NULL,A,NULL,"2025-01-03 17:13:12.334",115,0AA13D91C9C711EFBA7E000C2971ED6B,"2025-01-03 17:13:12.334",NULL,SHARED,BMW0002,2025-01-04,NULL,NULL,NULL,Ball,,9876543234,NULL,,,,NULL,NULL
126,FB8F1565C9C711EFBA7E000C2971ED6B,CHAIR,NULL,,NULL,NULL,NULL,NULL,NULL,NULL,NULL,NULL,NULL,NULL,A,NULL,"2025-01-03 17:13:42.790",115,0AA13D91C9C711EFBA7E000C2971ED6B,"2025-01-03 17:13:42.790",NULL,SHARED,BMW0002,2025-01-04,NULL,NULL,NULL,Wickets,,5467896546,NULL,,,,NULL,NULL
127,FC6786BCCC0111EFBA7E000C2971ED6B,VAN,NULL,TATA_MOTORS,NULL,NULL,NULL,NULL,NULL,NULL,NULL,NULL,NULL,NULL,A,NULL,"2025-01-06 13:13:57.345",51,B22601CFB91911EFBDA1000C2971ED6B,"2025-01-06 13:13:57.345",NULL,NULL,TNL0164,2025-02-12,NULL,NULL,NULL,BOX,TATA_PUNCH,121c212,NULL,,,,NULL,NULL
128,D545578BCC0811EFBA7E000C2971ED6B,CAR,NULL,TATA_MOTORS,NULL,NULL,NULL,NULL,NULL,NULL,NULL,NULL,NULL,NULL,A,NULL,"2025-01-06 14:02:58.167",76,FBCB6E43CBFE11EFBA7E000C2971ED6B,"2025-01-06 14:02:58.167",NULL,PERSONAL,NULL,2025-01-07,NULL,NULL,NULL,Car,TATA_HARRIER,3456,NULL,,,,NULL,NULL
129,9C12FE14CC1311EFBA7E000C2971ED6B,MOBILE,NULL,,NULL,NULL,NULL,NULL,NULL,NULL,NULL,NULL,NULL,NULL,A,NULL,"2025-01-06 15:20:06.671",76,FBCB6E43CBFE11EFBA7E000C2971ED6B,"2025-01-06 15:20:06.671",NULL,PERSONAL,NULL,2025-01-06,NULL,NULL,NULL,SIM,,9866363905,NULL,,,,NULL,NULL
130,8CE95ADACC2511EFBA7E000C2971ED6B,BICYCLE,NULL,AVON_CYCLES,NULL,NULL,NULL,NULL,NULL,NULL,NULL,NULL,NULL,NULL,A,NULL,"2025-01-06 17:28:32.173",110,66262A0EC73B11EFBA7E000C2971ED6B,"2025-01-06 17:28:52.971",66262A0EC73B11EFBA7E000C2971ED6B,PERSONAL,NULL,NULL,NULL,NULL,NULL,Oneplus1,HYBRID_BICYCLES,5615203541,NULL,,,,NULL,NULL
131,46F75823CC3411EFBA7E000C2971ED6B,BICYCLE,NULL,HERO_CYCLE,NULL,NULL,NULL,NULL,NULL,NULL,NULL,NULL,NULL,NULL,A,NULL,"2025-01-06 19:13:57.275",117,0AD9F723CC2011EFBA7E000C2971ED6B,"2025-01-06 19:14:20.229",0AD9F723CC2011EFBA7E000C2971ED6B,PERSONAL,NULL,NULL,NULL,NULL,NULL,BAT,ROAD_BICYCLES,1234567892,23143254357587323478,2025-01-01,2025-01-04,2025-01-16,HYD,NULL
137,FE99FA5CCCF011EFBA7E000C2971ED6B,BIKE,NULL,YAMAHA,NULL,NULL,NULL,NULL,NULL,NULL,NULL,NULL,NULL,NULL,A,NULL,"2025-01-07 17:44:50.749",122,72EC1E8ACCED11EFBA7E000C2971ED6B,"2025-01-07 17:44:50.749",NULL,PERSONAL,Ass0001,2025-01-07,NULL,NULL,NULL,Helmet,YAMAHA_MT-15,786,NULL,,,,NULL,NULL
138,133D49A7CDAE11EFBA7E000C2971ED6B,CHAIR,NULL,WOODEN_CHAIR,NULL,NULL,NULL,NULL,NULL,NULL,NULL,NULL,NULL,NULL,A,NULL,"2025-01-08 16:18:20.256",51,B22601CFB91911EFBDA1000C2971ED6B,"2025-02-26 16:13:32.907",B22601CFB91911EFBDA1000C2971ED6B,PERSONAL,TNL0164,2025-03-05,201,TNL0110,2025-03-07,asset2,CHAIR_44,7685675764,NULL,2025-01-08,2025-01-22,2025-01-15,098767,201
140,704BABE9CE4F11EFBA7E000C2971ED6B,TABLE,NULL,WOODEN_TABLE,NULL,NULL,NULL,NULL,NULL,NULL,NULL,NULL,NULL,NULL,A,NULL,"2025-01-09 11:33:25.352",51,B22601CFB91911EFBDA1000C2971ED6B,"2025-01-09 11:36:01.585",B22601CFB91911EFBDA1000C2971ED6B,NULL,TNL0029,2025-03-24,NULL,NULL,NULL,asset11,TABLE_1024,4754868655,NULL,2025-01-10,2025-01-30,2025-01-22,NULL,NULL
141,3DA5E273CE5311EFBA7E000C2971ED6B,TRUCK,NULL,MAHINDRA,NULL,NULL,NULL,NULL,NULL,NULL,NULL,NULL,NULL,NULL,A,NULL,"2025-01-09 12:00:38.366",51,B22601CFB91911EFBDA1000C2971ED6B,"2025-01-09 12:59:00.189",B22601CFB91911EFBDA1000C2971ED6B,NULL,NULL,NULL,NULL,NULL,NULL,books,MAHINDRA_TRUCK,5675975765,NULL,2025-01-12,2025-01-29,2025-01-21,NULL,NULL
142,B4F01094CE7411EFBA7E000C2971ED6B,VAN,NULL,TATA_MOTORS,NULL,NULL,NULL,NULL,NULL,NULL,NULL,NULL,NULL,NULL,A,NULL,"2025-01-09 16:00:11.893",51,B22601CFB91911EFBDA1000C2971ED6B,"2025-01-09 16:00:11.893",NULL,NULL,NULL,2025-01-10,NULL,NULL,NULL,Benz1,TATA_PUNCH,7567576496,NULL,2025-01-09,2025-03-12,2025-02-12,NULL,NULL
144,4CB2B7DFCE7511EFBA7E000C2971ED6B,BICYCLE,NULL,HERO_CYCLE,NULL,NULL,NULL,NULL,NULL,NULL,NULL,NULL,NULL,NULL,A,NULL,"2025-01-09 16:04:26.505",51,B22601CFB91911EFBDA1000C2971ED6B,"2025-01-09 16:04:26.505",NULL,NULL,NULL,NULL,NULL,NULL,NULL,penpencil,ROAD_BICYCLES,9686475463,NULL,2025-01-09,2025-02-20,2025-01-30,NULL,NULL
147,2C7E381BCF1811EFBA7E000C2971ED6B,KEYBOARD,NULL,,NULL,NULL,NULL,NULL,NULL,NULL,NULL,NULL,NULL,NULL,A,NULL,"2025-01-10 11:30:20.440",51,B22601CFB91911EFBDA1000C2971ED6B,"2025-01-10 11:30:20.440",NULL,NULL,TNL0029,2025-03-24,NULL,NULL,NULL,Asset1,,8856578AS1,NULL,,,,NULL,NULL
148,45D70EC8CF1811EFBA7E000C2971ED6B,KEYBOARD,NULL,NULL,NULL,NULL,NULL,NULL,NULL,NULL,NULL,NULL,NULL,NULL,A,NULL,"2025-01-10 11:31:02.966",51,B22601CFB91911EFBDA1000C2971ED6B,"2025-01-15 17:53:04.371",B22601CFB91911EFBDA1000C2971ED6B,NULL,TNL0110,2025-03-24,NULL,NULL,NULL,Asset2,,884758AS2,14253645786oyukgm,,,,NULL,NULL
152,AAD57886D3F111EFBA7E000C2971ED6B,BICYCLE,NULL,,NULL,NULL,NULL,NULL,NULL,NULL,NULL,NULL,NULL,NULL,A,NULL,"2025-01-16 15:37:17.847",51,B22601CFB91911EFBDA1000C2971ED6B,"2025-01-16 15:37:17.847",NULL,SHARED,TNL0166,2025-02-14,NULL,NULL,NULL,Mouse,,8654736363,NULL,,,,NULL,NULL
153,441C3713D3F211EFBA7E000C2971ED6B,BICYCLE,NULL,,NULL,NULL,NULL,NULL,NULL,NULL,NULL,NULL,NULL,NULL,A,NULL,"2025-01-16 15:41:35.002",51,B22601CFB91911EFBDA1000C2971ED6B,"2025-01-16 15:41:35.002",NULL,NULL,TNL0138,2025-01-28,NULL,NULL,NULL,table,,6956956436,NULL,,,,NULL,NULL
154,1817C17FD3FC11EFBA7E000C2971ED6B,BICYCLE,NULL,HERO_CYCLE,NULL,NULL,NULL,NULL,NULL,NULL,NULL,NULL,NULL,NULL,A,NULL,"2025-01-16 16:51:56.120",51,B22601CFB91911EFBDA1000C2971ED6B,"2025-01-16 16:51:56.120",NULL,NULL,NULL,NULL,NULL,NULL,NULL,bus,ROAD_BICYCLES,525225225,NULL,2025-01-01,2025-01-03,2025-01-04,NULL,201
155,8ED795EBD3FC11EFBA7E000C2971ED6B,BICYCLE,NULL,HERO_CYCLE,NULL,NULL,NULL,NULL,NULL,NULL,NULL,NULL,NULL,NULL,A,NULL,"2025-01-16 16:55:15.348",51,B22601CFB91911EFBDA1000C2971ED6B,"2025-01-16 16:55:15.348",NULL,PERSONAL,TNL0138,2025-02-04,NULL,NULL,NULL,bus,ROAD_BICYCLES,5252252225,NULL,2025-01-01,2025-01-03,2025-01-04,NULL,NULL
156,E5E9981FD3FC11EFBA7E000C2971ED6B,BICYCLE,NULL,HERO_CYCLE,NULL,NULL,NULL,NULL,NULL,NULL,NULL,NULL,NULL,NULL,A,NULL,"2025-01-16 16:57:41.428",51,B22601CFB91911EFBDA1000C2971ED6B,"2025-01-16 16:57:41.428",NULL,PERSONAL,NULL,NULL,NULL,NULL,NULL,bus,ROAD_BICYCLES,525222256,NULL,2025-01-01,2025-01-03,2025-01-04,NULL,NULL
157,F714E80CD3FC11EFBA7E000C2971ED6B,BIKE,NULL,YAMAHA,NULL,NULL,NULL,NULL,NULL,NULL,NULL,NULL,NULL,NULL,A,NULL,"2025-01-16 16:58:10.233",51,B22601CFB91911EFBDA1000C2971ED6B,"2025-01-23 10:35:37.871",B22601CFB91911EFBDA1000C2971ED6B,NULL,NULL,NULL,NULL,NULL,NULL,Bike857,NULL,5252222356,NULL,NULL,NULL,2025-01-04,NULL,301
159,FFEC9E6CD40311EFBA7E000C2971ED6B,BICYCLE,NULL,HERO_CYCLE,NULL,NULL,NULL,NULL,NULL,NULL,NULL,NULL,NULL,NULL,A,NULL,"2025-01-16 17:48:31.546",51,B22601CFB91911EFBDA1000C2971ED6B,"2025-01-23 10:36:35.909",B22601CFB91911EFBDA1000C2971ED6B,NULL,NULL,NULL,NULL,NULL,NULL,Bike1,NULL,525356,NULL,NULL,NULL,2025-01-04,NULL,301
160,DCF1EFA7D40411EFBA7E000C2971ED6B,BIKE,NULL,YAMAHA,NULL,NULL,NULL,NULL,NULL,NULL,NULL,NULL,NULL,NULL,A,NULL,"2025-01-16 17:54:42.357",51,B22601CFB91911EFBDA1000C2971ED6B,"2025-01-16 17:57:17.842",B22601CFB91911EFBDA1000C2971ED6B,NULL,NULL,NULL,NULL,NULL,NULL,cable,YAMAHA_MT-15,9568457347,NULL,,,,NULL,NULL
164,5DDD81FBD40F11EFBA7E000C2971ED6B,BICYCLE,NULL,YAMAHA,NULL,NULL,NULL,NULL,NULL,NULL,NULL,NULL,NULL,NULL,A,NULL,"2025-01-16 19:09:53.617",51,B22601CFB91911EFBDA1000C2971ED6B,"2025-01-16 19:09:53.617",NULL,PERSONAL,TNL0215,2025-02-27,101,NULL,NULL,Bike2,YAMAHA_MT-15,52556,NULL,2025-01-01,2025-01-03,2025-01-04,NULL,101
165,95929645D40F11EFBA7E000C2971ED6B,BICYCLE,NULL,HERO_CYCLE,NULL,NULL,NULL,NULL,NULL,NULL,NULL,NULL,NULL,NULL,A,NULL,"2025-01-16 19:11:27.078",51,B22601CFB91911EFBDA1000C2971ED6B,"2025-02-06 15:53:10.929",B22601CFB91911EFBDA1000C2971ED6B,PERSONAL,NULL,NULL,NULL,NULL,NULL,bus,ROAD_BICYCLES,525256,NULL,2025-01-01,2025-01-03,2025-01-04,NULL,102
166,E75A6323D48411EFBA7E000C2971ED6B,BIKE,NULL,YAMAHA,NULL,NULL,NULL,NULL,NULL,NULL,NULL,NULL,NULL,NULL,A,NULL,"2025-01-17 09:11:15.400",51,B22601CFB91911EFBDA1000C2971ED6B,"2025-01-17 09:11:15.400",NULL,NULL,NULL,NULL,NULL,NULL,NULL,Bike4,YAMAHA_MT-15,5845734754,NULL,,,,NULL,401
178,9E431109D89611EFBA7E000C2971ED6B,BIKE1,NULL,NULL,NULL,NULL,NULL,NULL,NULL,NULL,NULL,NULL,NULL,NULL,A,NULL,"2025-01-22 13:28:08.366",149,732B8036D88F11EFBA7E000C2971ED6B,"2025-01-22 16:30:23.594",732B8036D88F11EFBA7E000C2971ED6B,PERSONAL,NULL,NULL,NULL,NULL,NULL,abcd,NULL,jhd1111,299282j,2025-01-22,2025-01-25,NULL,nanan,701
183,B61D43A4DA1D11EFBA7E000C2971ED6B,LAPTOPS,NULL,NULL,NULL,NULL,NULL,NULL,NULL,NULL,NULL,NULL,NULL,NULL,A,NULL,"2025-01-24 12:07:41.605",153,D230F523DA1A11EFBA7E000C2971ED6B,"2025-01-24 12:07:41.605",NULL,PERSONAL,NULL,NULL,NULL,NULL,NULL,macbookAIR,NULL,AIR20,NULL,NULL,NULL,NULL,NULL,101
184,67B87F54DA2111EFBA7E000C2971ED6B,CAR,NULL,TATA_MOTORS,NULL,NULL,NULL,NULL,NULL,NULL,NULL,NULL,NULL,NULL,A,NULL,"2025-01-24 12:34:08.069",110,66262A0EC73B11EFBA7E000C2971ED6B,"2025-02-10 14:56:25.029",66262A0EC73B11EFBA7E000C2971ED6B,PERSONAL,NULL,NULL,NULL,NULL,NULL,Files,TATA_PUNCH,2222222222,NULL,NULL,NULL,NULL,22222222222,301
186,9339851EDA5111EFBA7E000C2971ED6B,CAR,NULL,MARUTI_SUZUKI,NULL,NULL,NULL,NULL,NULL,NULL,NULL,NULL,NULL,NULL,A,NULL,"2025-01-24 18:18:56.900",160,611BCC41DA4D11EFBA7E000C2971ED6B,"2025-01-24 18:18:56.900",NULL,PERSONAL,VIR0001,2025-01-24,NULL,NULL,NULL,Vasuvehicle,SEDANS,6895216845,685324168512,2025-01-01,2025-01-31,2025-01-16,68354152,601
188,D1B90924DCA211EFBA7E000C2971ED6B,LAPTOPS,NULL,NULL,NULL,NULL,NULL,NULL,NULL,NULL,NULL,NULL,NULL,NULL,A,NULL,"2025-01-27 17:05:33.315",76,FBCB6E43CBFE11EFBA7E000C2971ED6B,"2025-01-27 18:20:57.061",FBCB6E43CBFE11EFBA7E000C2971ED6B,NULL,NULL,2025-01-31,NULL,NULL,NULL,ASUSLaptop,NULL,2341312312,NULL,NULL,NULL,NULL,NULL,701
189,7E422C72DD9C11EFBA7E000C2971ED6B,CAR,NULL,MARUTI_SUZUKI,NULL,NULL,NULL,NULL,NULL,NULL,NULL,NULL,NULL,NULL,A,NULL,"2025-01-28 22:52:47.467",51,B22601CFB91911EFBDA1000C2971ED6B,"2025-01-28 22:52:47.467",NULL,NULL,NULL,NULL,NULL,NULL,NULL,Car,MINIVANS,2364576,NULL,NULL,NULL,NULL,NULL,401
190,AF485D31DE0011EFBA7E000C2971ED6B,BUS,NULL,NULL,NULL,NULL,NULL,NULL,NULL,NULL,NULL,NULL,NULL,NULL,A,NULL,"2025-01-29 10:49:59.389",110,66262A0EC73B11EFBA7E000C2971ED6B,"2025-01-30 09:41:49.222",66262A0EC73B11EFBA7E000C2971ED6B,PERSONAL,NULL,NULL,NULL,NULL,NULL,Caravan,NULL,45678465,NULL,NULL,NULL,NULL,NULL,301
191,577AD168DE0A11EFBA7E000C2971ED6B,BICYCLE,NULL,NULL,NULL,NULL,NULL,NULL,NULL,NULL,NULL,NULL,NULL,NULL,A,NULL,"2025-01-29 11:59:07.048",51,B22601CFB91911EFBDA1000C2971ED6B,"2025-01-29 16:35:14.660",B22601CFB91911EFBDA1000C2971ED6B,PERSONAL,NULL,2025-01-29,NULL,NULL,NULL,bike25,NULL,5345647898,NULL,2024-10-30,2025-01-04,NULL,NULL,301
193,FFAB6E49DE3A11EFBA7E000C2971ED6B,BIKE,NULL,HERO,NULL,NULL,NULL,NULL,NULL,NULL,NULL,NULL,NULL,NULL,A,NULL,"2025-01-29 17:47:25.066",111,EA891514C77311EFBA7E000C2971ED6B,"2025-01-29 17:47:25.066",NULL,PERSONAL,BAS0001,2025-01-29,NULL,NULL,NULL,madhavareddy,HERO_HF_DELUXE,7897898978,98787878789789787878,2024-01-01,2025-01-23,2025-01-23,987878978789789789,301
194,E8FC304DDE4811EFBA7E000C2971ED6B,BIKE,NULL,YAMAHA,NULL,NULL,NULL,NULL,NULL,NULL,NULL,NULL,NULL,NULL,A,NULL,"2025-01-29 19:26:59.962",51,B22601CFB91911EFBDA1000C2971ED6B,"2025-01-29 19:31:41.847",B22601CFB91911EFBDA1000C2971ED6B,PERSONAL,TNL0215,2025-02-27,301,NULL,NULL,Bike05,YAMAHA_FZ_X,12121267543,895616342,2024-10-30,2025-01-04,NULL,NULL,301
195,468185A1DEBE11EFBA7E000C2971ED6B,BIKE,NULL,NULL,NULL,NULL,NULL,NULL,NULL,NULL,NULL,NULL,NULL,NULL,A,NULL,"2025-01-30 09:27:07.982",51,B22601CFB91911EFBDA1000C2971ED6B,"2025-01-30 09:27:07.982",NULL,NULL,NULL,NULL,NULL,NULL,NULL,Ball,NULL,123ABC123,1486,2001-04-21,2021-04-21,2011-04-21,NULL,2
196,76E1988CDEBE11EFBA7E000C2971ED6B,BIKE,NULL,NULL,NULL,NULL,NULL,NULL,NULL,NULL,NULL,NULL,NULL,NULL,A,NULL,"2025-01-30 09:28:29.142",51,B22601CFB91911EFBDA1000C2971ED6B,"2025-01-30 09:28:29.142",NULL,NULL,NULL,NULL,NULL,NULL,NULL,Ball,NULL,123ABC1234,14860,2001-04-21,2021-04-21,2011-04-21,NULL,2
197,90DCA29CDEC511EFBA7E000C2971ED6B,BUS,NULL,TATA,NULL,NULL,NULL,NULL,NULL,NULL,NULL,NULL,NULL,NULL,A,NULL,"2025-01-30 10:19:19.207",110,66262A0EC73B11EFBA7E000C2971ED6B,"2025-02-03 17:57:46.380",66262A0EC73B11EFBA7E000C2971ED6B,NULL,NULL,NULL,NULL,NULL,NULL,BMW,NULL,563269432,NULL,NULL,NULL,NULL,NULL,601
198,FE63D355DECD11EFBA7E000C2971ED6B,TABLE,NULL,NULL,NULL,NULL,NULL,NULL,NULL,NULL,NULL,NULL,NULL,NULL,A,NULL,"2025-01-30 11:19:38.939",110,66262A0EC73B11EFBA7E000C2971ED6B,"2025-01-30 19:00:21.953",66262A0EC73B11EFBA7E000C2971ED6B,PERSONAL,NULL,NULL,NULL,NULL,NULL,Leyland,NULL,454656r56r,NULL,NULL,NULL,NULL,NULL,501
199,DDC56D56DED811EFBA7E000C2971ED6B,TRUCK,NULL,NULL,NULL,NULL,NULL,NULL,NULL,NULL,NULL,NULL,NULL,NULL,A,NULL,"2025-01-30 12:37:28.678",110,66262A0EC73B11EFBA7E000C2971ED6B,"2025-01-30 12:37:28.678",NULL,PERSONAL,NULL,NULL,NULL,NULL,NULL,Hyundai,NULL,7845967485,NULL,NULL,NULL,NULL,NULL,301
200,E405D8BEDEF111EFBA7E000C2971ED6B,CAR,NULL,NULL,NULL,NULL,NULL,NULL,NULL,NULL,NULL,NULL,NULL,NULL,A,NULL,"2025-01-30 15:36:36.584",110,66262A0EC73B11EFBA7E000C2971ED6B,"2025-01-30 15:50:31.544",66262A0EC73B11EFBA7E000C2971ED6B,PERSONAL,NULL,NULL,NULL,NULL,NULL,Rahul,NULL,689346845,NULL,NULL,NULL,NULL,NULL,301
201,B62AFF58DEFB11EFBA7E000C2971ED6B,BIKE,NULL,NULL,NULL,NULL,NULL,NULL,NULL,NULL,NULL,NULL,NULL,NULL,A,NULL,"2025-01-30 16:46:54.620",110,66262A0EC73B11EFBA7E000C2971ED6B,"2025-01-30 16:49:00.320",66262A0EC73B11EFBA7E000C2971ED6B,NULL,YAM0053,2025-02-11,301,NULL,NULL,IdentityCard,NULL,92387864,NULL,NULL,NULL,NULL,NULL,301
202,BE0CD735DEFC11EFBA7E000C2971ED6B,KEYBOARD,NULL,NULL,NULL,NULL,NULL,NULL,NULL,NULL,NULL,NULL,NULL,NULL,A,NULL,"2025-01-30 16:54:17.341",110,66262A0EC73B11EFBA7E000C2971ED6B,"2025-01-30 17:53:18.110",66262A0EC73B11EFBA7E000C2971ED6B,PERSONAL,NULL,NULL,NULL,NULL,NULL,Airtelrouter,NULL,684345165,NULL,NULL,NULL,NULL,NULL,301
203,6E7D213DDF8511EFBA7E000C2971ED6B,BUS,NULL,NULL,NULL,NULL,NULL,NULL,NULL,NULL,NULL,NULL,NULL,NULL,A,NULL,"2025-01-31 09:12:44.911",110,66262A0EC73B11EFBA7E000C2971ED6B,"2025-02-05 15:56:02.529",66262A0EC73B11EFBA7E000C2971ED6B,NULL,NULL,NULL,NULL,NULL,NULL,Walkie,NULL,7845623895,NULL,NULL,NULL,NULL,"Gachibowli Hyd",301
205,FBA6E889E20211EFBA7E000C2971ED6B,BICYCLE,NULL,AVON_CYCLES,NULL,NULL,NULL,NULL,NULL,NULL,NULL,NULL,NULL,NULL,A,NULL,"2025-02-03 13:16:31.160",51,B22601CFB91911EFBDA1000C2971ED6B,"2025-02-03 13:16:31.160",NULL,NULL,NULL,NULL,NULL,NULL,NULL,BIKE,HYBRID_BICYCLES,123456,NULL,NULL,NULL,NULL,NULL,301
206,A9ACE126E22211EFBA7E000C2971ED6B,LANDLINE,NULL,BEETEL,NULL,NULL,NULL,NULL,NULL,NULL,NULL,NULL,NULL,NULL,A,NULL,"2025-02-03 17:03:17.521",51,B22601CFB91911EFBDA1000C2971ED6B,"2025-02-03 17:30:07.356",B22601CFB91911EFBDA1000C2971ED6B,NULL,TNL0210,2025-02-26,301,NULL,NULL,Samsung,NULL,6352645564,NULL,NULL,NULL,NULL,NULL,301
207,F59CD2A3E2BA11EFBA7E000C2971ED6B,CAR,NULL,MARUTI_SUZUKI,NULL,NULL,NULL,NULL,NULL,NULL,NULL,NULL,NULL,NULL,A,NULL,"2025-02-04 11:13:28.426",189,174D0FA1E2B811EFBA7E000C2971ED6B,"2025-02-04 11:13:28.426",NULL,PERSONAL,NULL,NULL,NULL,NULL,NULL,car,NULL,1242453467,NULL,NULL,NULL,NULL,NULL,301
209,B9EBAA09E38A11EFBA7E000C2971ED6B,BICYCLE,NULL,NULL,NULL,NULL,NULL,NULL,NULL,NULL,NULL,NULL,NULL,NULL,A,NULL,"2025-02-05 12:00:43.599",51,B22601CFB91911EFBDA1000C2971ED6B,"2025-02-05 12:14:28.948",B22601CFB91911EFBDA1000C2971ED6B,NULL,NULL,NULL,NULL,NULL,NULL,Laptop,NULL,9797075365,NULL,NULL,NULL,NULL,NULL,301
210,EDE3D51DE3AD11EFBA7E000C2971ED6B,TABLE,NULL,NULL,NULL,NULL,NULL,NULL,NULL,NULL,NULL,NULL,NULL,NULL,A,NULL,"2025-02-05 16:12:43.175",51,B22601CFB91911EFBDA1000C2971ED6B,"2025-02-05 16:12:43.175",NULL,PERSONAL,TNL0215,2025-02-25,301,NULL,NULL,mnds,NULL,8978989777,NULL,NULL,NULL,NULL,NULL,301
211,A671FB5FE3BA11EFBA7E000C2971ED6B,MOBILE,NULL,NULL,NULL,NULL,NULL,NULL,NULL,NULL,NULL,NULL,NULL,NULL,A,NULL,"2025-02-05 17:43:46.768",51,B22601CFB91911EFBDA1000C2971ED6B,"2025-02-05 17:43:46.768",NULL,NULL,NULL,NULL,NULL,NULL,NULL,Honor,NULL,852582,NULL,NULL,NULL,NULL,NULL,701
212,81BD815FE48611EFBA7E000C2971ED6B,MOBILE,NULL,APPLE_IPHONE,NULL,NULL,NULL,NULL,NULL,NULL,NULL,NULL,NULL,NULL,A,NULL,"2025-02-06 18:03:02.520",110,66262A0EC73B11EFBA7E000C2971ED6B,"2025-02-06 18:03:02.520",NULL,NULL,YAM0054,2025-02-11,301,NULL,NULL,Titan,IPHONE_3G,9898999999,NULL,NULL,NULL,NULL,NULL,301
213,279770ADE51211EFBA7E000C2971ED6B,MOBILE,NULL,APPLE_IPHONE,NULL,NULL,NULL,NULL,NULL,NULL,NULL,NULL,NULL,NULL,A,NULL,"2025-02-07 10:42:40.818",51,B22601CFB91911EFBDA1000C2971ED6B,"2025-02-18 11:42:54.531",B22601CFB91911EFBDA1000C2971ED6B,PERSONAL,TNL0110,2025-02-10,601,NULL,NULL,Samsung857,IPHONE_5S,88998998,NULL,2025-02-14,2025-03-01,2025-02-17,NULL,601
220,149009F6E77711EFBA7E000C2971ED6B,MOBILE,NULL,APPLE_IPHONE,NULL,NULL,NULL,NULL,NULL,NULL,NULL,NULL,NULL,NULL,A,NULL,"2025-02-10 11:50:10.388",110,66262A0EC73B11EFBA7E000C2971ED6B,"2025-02-10 11:50:10.388",NULL,PERSONAL,NULL,NULL,NULL,NULL,NULL,Casawatch,IPHONE_3G,965326532,NULL,NULL,NULL,NULL,Noida,301
223,E0FC6ED6E79911EFBA7E000C2971ED6B,BICYCLE,NULL,HERO_CYCLE,NULL,NULL,NULL,NULL,NULL,NULL,NULL,NULL,NULL,NULL,A,NULL,"2025-02-10 15:59:16.242",51,B22601CFB91911EFBDA1000C2971ED6B,"2025-02-10 15:59:16.242",NULL,PERSONAL,TNL0165,2025-02-14,301,NULL,NULL,nm,ROAD_BICYCLES,8789898978,NULL,NULL,NULL,NULL,teu,301
225,4C460E21E82E11EFBA7E000C2971ED6B,BUS,NULL,TATA,NULL,NULL,NULL,NULL,NULL,NULL,NULL,NULL,NULL,NULL,A,NULL,"2025-02-11 09:41:41.757",110,66262A0EC73B11EFBA7E000C2971ED6B,"2025-02-11 09:50:13.850",66262A0EC73B11EFBA7E000C2971ED6B,NULL,NULL,NULL,NULL,NULL,NULL,Rangerover,BS_5,6352063206,NULL,NULL,NULL,NULL,NULL,301
226,1C4ED84BE85E11EFBA7E000C2971ED6B,BIKE,NULL,YAMAHA,NULL,NULL,NULL,NULL,NULL,NULL,NULL,NULL,NULL,NULL,A,NULL,"2025-02-11 15:23:57.127",51,B22601CFB91911EFBDA1000C2971ED6B,"2025-02-18 18:18:58.100",B22601CFB91911EFBDA1000C2971ED6B,NULL,NULL,NULL,NULL,NULL,NULL,Mouse12334,YAMAHA_AEROX_155,MOUSE1122,NULL,2025-02-13,2025-02-28,2025-02-15,NULL,101
227,97535AA7E8F511EFBA7E000C2971ED6B,BIKE,NULL,NULL,NULL,NULL,NULL,NULL,NULL,98567465,NULL,NULL,NULL,NULL,A,NULL,"2025-02-12 09:28:17.522",51,B22601CFB91911EFBDA1000C2971ED6B,"2025-02-12 09:28:17.522",NULL,NULL,NULL,NULL,NULL,NULL,NULL,Keyboard,NULL,2432634523,NULL,NULL,NULL,NULL,NULL,301
228,297BC3EDE8F911EFBA7E000C2971ED6B,BIKE,NULL,NULL,NULL,NULL,NULL,NULL,NULL,NULL,NULL,NULL,NULL,NULL,A,NULL,"2025-02-12 09:53:51.225",51,B22601CFB91911EFBDA1000C2971ED6B,"2025-02-12 09:53:51.225",NULL,PERSONAL,NULL,NULL,NULL,NULL,NULL,PC,NULL,3254623642,NULL,NULL,NULL,NULL,NULL,201
234,D0B677A5E90411EFBA7E000C2971ED6B,CANTER,NULL,DAIMLER,NULL,NULL,NULL,NULL,NULL,NULL,NULL,NULL,NULL,NULL,A,NULL,"2025-02-12 11:17:16.253",51,B22601CFB91911EFBDA1000C2971ED6B,"2025-02-12 11:25:42.953",B22601CFB91911EFBDA1000C2971ED6B,SHARED,NULL,NULL,NULL,NULL,NULL,Bag,DAIMLER_X01,BAG4298348,NULL,NULL,NULL,NULL,NULL,301
235,A8257ABFE90511EFBA7E000C2971ED6B,TABLE,NULL,NULL,NULL,NULL,NULL,NULL,NULL,NULL,NULL,NULL,NULL,NULL,A,NULL,"2025-02-12 11:23:17.691",121,1E15B4FDD4A011EFBA7E000C2971ED6B,"2025-02-12 11:23:17.691",NULL,PERSONAL,NULL,2025-02-12,301,NULL,NULL,SHOES,NULL,JGU65R6U6D,NULL,NULL,NULL,NULL,NULL,301
236,C9C74B5AE90511EFBA7E000C2971ED6B,BICYCLE,NULL,NULL,NULL,NULL,NULL,NULL,NULL,NULL,NULL,NULL,NULL,NULL,A,NULL,"2025-02-12 11:24:14.116",121,1E15B4FDD4A011EFBA7E000C2971ED6B,"2025-02-12 11:24:14.116",NULL,NULL,NULL,NULL,NULL,NULL,NULL,BAILS,NULL,GFJHVBI76U,NULL,NULL,NULL,NULL,NULL,401
237,DB40F1ABE90511EFBA7E000C2971ED6B,TABLE,NULL,NULL,NULL,NULL,NULL,NULL,NULL,NULL,NULL,NULL,NULL,NULL,A,NULL,"2025-02-12 11:24:43.434",121,1E15B4FDD4A011EFBA7E000C2971ED6B,"2025-02-12 11:24:43.434",NULL,PERSONAL,NULL,NULL,NULL,NULL,NULL,GUARDS,NULL,S54657F6G8,NULL,NULL,NULL,NULL,NULL,501
238,F8D0A229E90511EFBA7E000C2971ED6B,BUS,NULL,NULL,NULL,NULL,NULL,NULL,NULL,NULL,NULL,NULL,NULL,NULL,A,NULL,"2025-02-12 11:25:33.030",121,1E15B4FDD4A011EFBA7E000C2971ED6B,"2025-02-12 11:25:33.030",NULL,NULL,NULL,NULL,NULL,NULL,NULL,STOPWATCH,NULL,HGB87GH8IY,NULL,NULL,NULL,NULL,NULL,401
240,74451EEAE9F811EFBA7E000C2971ED6B,BICYCLE,NULL,HERO_CYCLE,NULL,NULL,NULL,NULL,NULL,NULL,NULL,NULL,NULL,NULL,A,NULL,"2025-02-13 16:21:18.362",208,F3BDFF49E9F011EFBA7E000C2971ED6B,"2025-02-13 16:21:18.362",NULL,PERSONAL,NULL,NULL,NULL,NULL,NULL,delica,ROAD_BICYCLES,8789789789,89798789897897897876,2015-05-13,2027-10-13,2026-06-09,8789789798,301
245,B77C26E4EDE711EFBA7E000C2971ED6B,BUS,NULL,LEYLAND,NULL,NULL,NULL,NULL,NULL,NULL,NULL,NULL,NULL,NULL,A,NULL,"2025-02-18 16:31:34.336",51,B22601CFB91911EFBDA1000C2971ED6B,"2025-02-18 16:40:18.853",B22601CFB91911EFBDA1000C2971ED6B,PERSONAL,NULL,NULL,NULL,NULL,NULL,EARBUDS,BS_VI,2589956214,NULL,NULL,NULL,NULL,NULL,301
246,86E7EA63EDF611EFBA7E000C2971ED6B,BIKE,NULL,NULL,NULL,NULL,NULL,NULL,NULL,NULL,NULL,NULL,NULL,NULL,A,NULL,"2025-02-18 18:17:35.285",51,B22601CFB91911EFBDA1000C2971ED6B,"2025-02-18 18:17:35.285",NULL,PERSONAL,NULL,NULL,NULL,NULL,NULL,Binu,NULL,8968574859,NULL,NULL,NULL,NULL,NULL,301
250,319EAE38EE9811EFBA7E000C2971ED6B,BIKE,NULL,HERO,NULL,NULL,NULL,NULL,NULL,NULL,NULL,NULL,NULL,NULL,A,NULL,"2025-02-19 13:34:50.669",212,39EDFC50EE9511EFBA7E000C2971ED6B,"2025-02-19 13:34:50.669",NULL,NULL,POO0001,2025-02-19,201,NULL,NULL,Bike,HERO_HF_DELUXE,ATL22,NULL,NULL,NULL,NULL,NULL,201
251,18CF1E7DF27411EFBA7E000C2971ED6B,BIKE,NULL,HERO,NULL,NULL,NULL,NULL,NULL,NULL,NULL,NULL,NULL,NULL,A,NULL,"2025-02-24 11:26:31.812",230,B6FC5F6CF26811EFBA7E000C2971ED6B,"2025-02-24 11:26:52.762",B6FC5F6CF26811EFBA7E000C2971ED6B,NULL,NULL,NULL,NULL,NULL,NULL,vasureddyuser1,HERO_HF_DELUXE,8987897897,98768789789789789787,2017-01-01,2029-10-23,2027-02-01,8978978987897897/8978989789,301
252,076A2439F27511EFBA7E000C2971ED6B,BICYCLE,NULL,NULL,NULL,NULL,NULL,NULL,NULL,NULL,NULL,NULL,NULL,NULL,A,NULL,"2025-02-24 11:33:12.126",129,AB205DE8D8AF11EFBA7E000C2971ED6B,"2025-03-01 16:58:56.162",E9B0C348F27F11EFBA7E000C2971ED6B,NULL,NULL,NULL,NULL,NULL,NULL,bike,NULL,4567890987,NULL,NULL,NULL,NULL,hyd,601
253,5DFEFB43F2A311EFBA7E000C2971ED6B,BICYCLE,NULL,NULL,NULL,NULL,NULL,NULL,NULL,NULL,NULL,NULL,NULL,NULL,A,NULL,"2025-02-24 17:04:54.235",129,E9B0C348F27F11EFBA7E000C2971ED6B,"2025-03-01 18:55:12.100",E9B0C348F27F11EFBA7E000C2971ED6B,NULL,NULL,NULL,NULL,NULL,NULL,wheeler4Truck,NULL,9894293048,NULL,NULL,NULL,NULL,NULL,301
255,8FCFFADCF36111EFBA7E000C2971ED6B,MOUSE,NULL,HP,NULL,NULL,NULL,NULL,NULL,NULL,NULL,NULL,NULL,NULL,A,NULL,"2025-02-25 15:46:22.192",212,39EDFC50EE9511EFBA7E000C2971ED6B,"2025-02-25 16:26:22.722",39EDFC50EE9511EFBA7E000C2971ED6B,SHARED,NULL,NULL,NULL,NULL,NULL,ATLCAR,HP_Z3700,Asset344,868568768768768,2025-02-26,2025-02-27,2025-02-27,ATL,501
256,CFD22B60F36211EFBA7E000C2971ED6B,BICYCLE,NULL,HERO_CYCLE,NULL,NULL,NULL,NULL,NULL,NULL,NULL,NULL,NULL,NULL,A,NULL,"2025-02-25 15:55:19.077",212,39EDFC50EE9511EFBA7E000C2971ED6B,"2025-02-25 16:54:49.056",39EDFC50EE9511EFBA7E000C2971ED6B,PERSONAL,NULL,NULL,NULL,NULL,NULL,aseert,ROAD_BICYCLES,U54354,ERRWE534534532532,6666-06-06,NULL,NULL,@@@@@@@@@,301
257,86318631F36611EFBA7E000C2971ED6B,BICYCLE,NULL,HERO_CYCLE,NULL,NULL,NULL,NULL,NULL,NULL,NULL,NULL,NULL,NULL,A,NULL,"2025-02-25 16:21:53.538",230,B6FC5F6CF26811EFBA7E000C2971ED6B,"2025-02-25 16:22:05.212",B6FC5F6CF26811EFBA7E000C2971ED6B,PERSONAL,NULL,NULL,NULL,NULL,NULL,reddytest15,ROAD_BICYCLES,9879789797,6546546544654,2025-02-25,2025-02-26,2025-02-25,89794778989798789,301
259,ADCB7A9DF40011EFBA7E000C2971ED6B,TABLE,NULL,WOODEN_TABLE,NULL,NULL,NULL,NULL,NULL,NULL,NULL,NULL,NULL,NULL,A,NULL,"2025-02-26 10:45:22.474",230,A12BCD4AF2A111EFBA7E000C2971ED6B,"2025-02-26 10:45:22.474",NULL,PERSONAL,910001,2025-02-26,301,NULL,NULL,vasureddy,TABLE_1024,8979848989,464484654654654,2023-06-05,2025-02-26,2024-10-15,3698545454,301
260,8BE4187AF40311EFBA7E000C2971ED6B,CAR,NULL,NULL,NULL,NULL,NULL,NULL,NULL,NULL,NULL,NULL,NULL,NULL,A,NULL,"2025-02-26 11:05:54.083",51,B22601CFB91911EFBDA1000C2971ED6B,"2025-02-26 11:11:06.283",B22601CFB91911EFBDA1000C2971ED6B,PERSONAL,NULL,NULL,NULL,NULL,NULL,test,NULL,merce99212,dub99121,2023-01-03,2025-02-13,2024-01-01,"abu dhabi",101
265,D93DABAFF69B11EFBA7E000C2971ED6B,BICYCLE,NULL,NULL,NULL,NULL,NULL,NULL,NULL,NULL,NULL,NULL,NULL,NULL,A,NULL,"2025-03-01 18:21:09.683",129,E9B0C348F27F11EFBA7E000C2971ED6B,"2025-03-01 18:21:09.683",NULL,NULL,NULL,NULL,NULL,NULL,NULL,TestingAsset,NULL,TESTING212,NULL,NULL,NULL,NULL,TESTING121212,201
268,77EE9BBDFFD711EFBA7E000C2971ED6B,CAR,NULL,NULL,NULL,NULL,NULL,NULL,NULL,NULL,NULL,NULL,NULL,NULL,A,NULL,"2025-03-13 12:20:36.695",51,B22601CFB91911EFBDA1000C2971ED6B,"2025-03-13 14:29:18.668",B22601CFB91911EFBDA1000C2971ED6B,PERSONAL,NULL,NULL,NULL,NULL,NULL,car,NULL,1234523567,u8768768678,2025-03-01,2025-03-06,2025-03-01,NULL,301
272,3F9513CF0A2E11F0969F000C2971ED6B,BIKE,NULL,YAMAHA,101,BOX_INSTALLED,7984623,98T78T3201,61FF536FD4D011EFBA7E000C2971ED6B,8966097432,2024-12-01,2024-12-31,2024-12-03,CAREEM,A,NULL,"2025-03-26 16:06:59.999",51,B22601CFB91911EFBDA1000C2971ED6B,"2025-04-14 16:37:29.029",B22601CFB91911EFBDA1000C2971ED6B,NULL,TNL0222,2025-04-22,NULL,NULL,NULL,NULL,NULL,NULL,NULL,NULL,NULL,NULL,NULL,NULL
273,E02789030A3311F0969F000C2971ED6B,SDFG,NULL,WFD,wqer,WQERF,12,301,wqer,132,2024-01-01,NULL,2024-01-01,WEG,A,NULL,"2025-03-26 16:47:16.878",209,71976A94ED2A11EFBA7E000C2971ED6B,"2025-03-26 16:47:16.878",NULL,NULL,NULL,NULL,NULL,NULL,NULL,NULL,NULL,NULL,NULL,NULL,NULL,NULL,NULL,NULL
274,B93240710ACB11F0969F000C2971ED6B,SDFG,NULL,WFD,WQER,WQERF,1002,301,wqer,13992,2024-01-01,NULL,2024-01-01,WEG,A,NULL,"2025-03-27 10:54:15.020",51,B22601CFB91911EFBDA1000C2971ED6B,"2025-03-27 10:54:15.020",NULL,NULL,NULL,NULL,NULL,NULL,NULL,NULL,NULL,NULL,NULL,NULL,NULL,NULL,NULL,NULL
275,519D80470ACC11F0969F000C2971ED6B,SDFG,NULL,WFD,WQER,WQERF,102,301,wqer,1399,2024-01-01,NULL,2024-01-01,WEG,A,NULL,"2025-03-27 10:58:30.736",51,B22601CFB91911EFBDA1000C2971ED6B,"2025-03-27 10:58:30.736",NULL,NULL,NULL,NULL,NULL,NULL,NULL,NULL,NULL,NULL,NULL,NULL,NULL,NULL,NULL,NULL
277,1719C35A0B0A11F0969F000C2971ED6B,234,NULL,ASFDHG,101,INSTALLED,12346754,1235674,1885,442353,2024-02-01,2025-01-02,2024-05-04,CAREEM,A,NULL,"2025-03-27 18:20:41.362",51,B22601CFB91911EFBDA1000C2971ED6B,"2025-03-27 18:20:41.362",NULL,NULL,NULL,NULL,NULL,NULL,NULL,NULL,NULL,NULL,NULL,NULL,NULL,NULL,NULL,NULL
279,AE2A54750BA111F0969F000C2971ED6B,234,NULL,ASFDHG,101,INSTALLED,12346741,1235674,1885,443153,2024-02-01,2025-01-02,2024-05-04,CAREEM,A,NULL,"2025-03-28 12:25:48.813",209,71976A94ED2A11EFBA7E000C2971ED6B,"2025-03-28 12:25:48.813",NULL,NULL,NULL,NULL,NULL,NULL,NULL,NULL,NULL,NULL,NULL,NULL,NULL,NULL,NULL,NULL
280,F279868D0BA111F0969F000C2971ED6B,234,NULL,ASFDHG,101,INSTALLED,121213416741,1235674,1885,4431153,2024-02-01,2025-01-02,2024-05-04,CAREEM,A,NULL,"2025-03-28 12:27:43.417",209,71976A94ED2A11EFBA7E000C2971ED6B,"2025-03-28 12:27:43.417",NULL,NULL,NULL,NULL,NULL,NULL,NULL,NULL,NULL,NULL,NULL,NULL,NULL,NULL,NULL,NULL
281,65600CF50BB811F0969F000C2971ED6B,234,NULL,ASFDHG,101,INSTALLED,1234345344674,1235674,1885,44456453353,2024-02-01,2025-01-02,2024-05-04,CAREEM,A,NULL,"2025-03-28 15:08:25.116",209,71976A94ED2A11EFBA7E000C2971ED6B,"2025-03-28 15:08:25.116",NULL,NULL,NULL,NULL,NULL,NULL,NULL,NULL,NULL,NULL,NULL,NULL,NULL,NULL,NULL,NULL
282,E96606260BB811F0969F000C2971ED6B,234,NULL,ASFDHG,101,INSTALLED,13453674,1235674,1885,44531353,2024-02-01,2025-01-02,2024-05-04,CAREEM,A,NULL,"2025-03-28 15:12:06.615",209,71976A94ED2A11EFBA7E000C2971ED6B,"2025-03-28 15:12:06.615",NULL,NULL,NULL,NULL,NULL,NULL,NULL,NULL,NULL,NULL,NULL,NULL,NULL,NULL,NULL,NULL
283,22B5FCB30BB911F0969F000C2971ED6B,234,NULL,ASFDHG,101,INSTALLED,1345674,1235674,1885,445931353,2024-02-01,2025-01-02,2024-05-04,CAREEM,A,NULL,"2025-03-28 15:13:42.769",209,71976A94ED2A11EFBA7E000C2971ED6B,"2025-03-28 15:13:42.769",NULL,NULL,NULL,NULL,NULL,NULL,NULL,NULL,NULL,NULL,NULL,NULL,NULL,NULL,NULL,NULL
284,7A9F52FA0BBA11F0969F000C2971ED6B,234,NULL,ASFDHG,101,INSTALLED,134560074,1235674,1885,431353,2024-02-01,2025-01-02,2024-05-04,CAREEM,A,NULL,"2025-03-28 15:23:19.756",209,71976A94ED2A11EFBA7E000C2971ED6B,"2025-03-28 15:23:19.756",NULL,NULL,NULL,NULL,NULL,NULL,NULL,NULL,NULL,NULL,NULL,NULL,NULL,NULL,NULL,NULL
290,00007F6D0E2D11F0969F000C2971ED6B,VAN,NULL,PULSOR120,101,INSTALLED,Chasis12,Lease123,1885,Vehicle121,2025-03-01,2025-03-14,2025-03-12,CAREEM,A,NULL,"2025-03-31 18:08:08.483",129,E9B0C348F27F11EFBA7E000C2971ED6B,"2025-03-31 18:08:08.483",NULL,NULL,NULL,NULL,NULL,NULL,NULL,NULL,NULL,NULL,NULL,NULL,NULL,NULL,NULL,NULL
291,19D5C3A60E2E11F0969F000C2971ED6B,VAN,NULL,PULSOR,101,BOX_NOT_INSTALLED,23123123,451341234,3C6C5009DC7911EFBA7E000C2971ED6B,455553432,2024-01-01,2025-01-01,2024-02-01,CAREEM,A,NULL,"2025-03-31 18:16:01.320",129,E9B0C348F27F11EFBA7E000C2971ED6B,"2025-04-07 15:22:34.218",E9B0C348F27F11EFBA7E000C2971ED6B,NULL,NULL,NULL,NULL,NULL,NULL,NULL,NULL,NULL,NULL,NULL,NULL,NULL,NULL,NULL
294,1D51FB5F0EBC11F0969F000C2971ED6B,BIKE,NULL,WQEFGH,301,BOX_INSTALLED,120106789821,1234561810123456789,some,1233381289,2024-04-01,2025-05-07,2025-04-18,ASTER,A,NULL,"2025-04-01 11:12:35.703",209,71976A94ED2A11EFBA7E000C2971ED6B,"2025-04-08 12:31:18.935",71976A94ED2A11EFBA7E000C2971ED6B,NULL,NULL,NULL,NULL,NULL,NULL,NULL,NULL,NULL,NULL,NULL,NULL,NULL,NULL,NULL
295,9A0007980EBC11F0969F000C2971ED6B,BIKE,NULL,ASFDHG,101,INSTALLED,123654346714,1235674,1885,44313415653,2024-02-01,2025-01-02,2024-05-04,CAREM,A,NULL,"2025-04-01 11:16:04.881",209,71976A94ED2A11EFBA7E000C2971ED6B,"2025-04-01 11:16:04.881",NULL,NULL,NULL,NULL,NULL,NULL,NULL,NULL,NULL,NULL,NULL,NULL,NULL,NULL,NULL,NULL
296,5BDFFDB00ED911F0969F000C2971ED6B,BIKE,NULL,ASFDHG,10,INSTALLED,12365434116714,1235674,1885,443134415653,2024-02-01,2025-01-02,2024-05-04,CAREM,A,NULL,"2025-04-01 14:41:56.058",209,71976A94ED2A11EFBA7E000C2971ED6B,"2025-04-01 14:41:56.058",NULL,NULL,NULL,NULL,NULL,NULL,NULL,NULL,NULL,NULL,NULL,NULL,NULL,NULL,NULL,NULL
303,B5DD54D70EF911F0969F000C2971ED6B,BIKE,NULL,SADFG,101,FWGEDFH,12345432,123432,fdgbnhfg,2134342312,2025-04-08,2025-05-10,2025-04-23,TALABAT,A,NULL,"2025-04-01 18:33:30.931",209,71976A94ED2A11EFBA7E000C2971ED6B,"2025-04-01 18:33:30.931",NULL,NULL,NULL,NULL,NULL,NULL,NULL,NULL,NULL,NULL,NULL,NULL,NULL,NULL,NULL,NULL
304,38E2F6300F8211F0969F000C2971ED6B,BIKE,NULL,WQEFGH,101,QDWFEGFGH,1234567890123456789,1234567890123456789,sdnfgbvd,1234567890123456789,2025-04-01,2025-05-07,2025-04-18,CAREEM,A,NULL,"2025-04-02 10:50:42.304",209,71976A94ED2A11EFBA7E000C2971ED6B,"2025-04-02 10:50:42.304",NULL,NULL,NULL,NULL,NULL,NULL,NULL,NULL,NULL,NULL,NULL,NULL,NULL,NULL,NULL,NULL
306,4FCA290D0FAC11F0969F000C2971ED6B,VAN,NULL,3245,201,12434,12345676432,1324567645,123434323,13243546645,2025-04-01,2025-04-26,2025-04-16,TALABAT,A,NULL,"2025-04-02 15:51:59.592",51,B22601CFB91911EFBDA1000C2971ED6B,"2025-04-02 15:51:59.592",NULL,NULL,NULL,NULL,NULL,NULL,NULL,NULL,NULL,NULL,NULL,NULL,NULL,NULL,NULL,NULL
309,BF0D9A4F0FAD11F0969F000C2971ED6B,CHILLER_VAN,NULL,345,201,243546,21345676788675,235465767564534,3465678,2343546,2025-04-01,2025-04-26,2025-04-16,1885STAFF,A,NULL,"2025-04-02 16:02:15.758",51,B22601CFB91911EFBDA1000C2971ED6B,"2025-04-02 16:02:15.758",NULL,NULL,NULL,NULL,NULL,NULL,NULL,NULL,NULL,NULL,NULL,NULL,NULL,NULL,NULL,NULL
319,D4A34B510FBD11F0969F000C2971ED6B,BIKE,NULL,WQEFGH,101,2435,120126789,1234567890123456789,3435,123123456789,2024-04-01,2025-05-07,2025-04-18,CAREEM,A,NULL,"2025-04-02 17:57:23.919",209,71976A94ED2A11EFBA7E000C2971ED6B,"2025-04-02 18:07:49.348",71976A94ED2A11EFBA7E000C2971ED6B,NULL,NULL,NULL,NULL,NULL,NULL,NULL,NULL,NULL,NULL,NULL,NULL,NULL,NULL,NULL
321,DB668282110D11F0969F000C2971ED6B,BIK,NULL,WQEFGH,201,BOX_INSTALLED,12012677891212,1234567890123456789,3435,123123345671289,2024-04-01,2025-05-07,2025-04-18,CAREEM,A,NULL,"2025-04-04 10:02:46.166",209,71976A94ED2A11EFBA7E000C2971ED6B,"2025-04-04 10:02:46.166",NULL,NULL,NULL,NULL,NULL,NULL,NULL,NULL,NULL,NULL,NULL,NULL,NULL,NULL,NULL,NULL
322,7000F91E111D11F0969F000C2971ED6B,CHILLER_CANTER,NULL,WQEFGH,201,BOX_NOT_INSTALLED,1201267891212,1234567890123456789,,12313345671289,2024-04-01,2025-05-07,2025-04-18,ASTER,A,NULL,"2025-04-04 11:54:17.932",209,71976A94ED2A11EFBA7E000C2971ED6B,"2025-04-04 11:54:17.932",NULL,NULL,NULL,NULL,NULL,NULL,NULL,NULL,NULL,NULL,NULL,NULL,NULL,NULL,NULL,NULL
323,E4436224113111F0969F000C2971ED6B,BIKE,NULL,WQEFGH,301,BOX_INSTALLED,120126789212,1234567890123456789,,1233345671289,2024-04-01,2025-05-07,2025-04-18,ASTER,A,NULL,"2025-04-04 14:20:42.917",209,71976A94ED2A11EFBA7E000C2971ED6B,"2025-04-07 09:59:54.034",71976A94ED2A11EFBA7E000C2971ED6B,NULL,NULL,NULL,NULL,NULL,NULL,NULL,NULL,NULL,NULL,NULL,NULL,NULL,NULL,NULL
324,C27B4232136911F0969F000C2971ED6B,BIKE,NULL,WQEFGH,301,BOX_INSTALLED,120106789212,1234567890123456789,,123334561289,2024-04-01,2025-05-07,2025-04-18,ASTER,A,NULL,"2025-04-07 10:05:40.383",209,71976A94ED2A11EFBA7E000C2971ED6B,"2025-04-07 10:05:40.383",NULL,NULL,NULL,NULL,NULL,NULL,NULL,NULL,NULL,NULL,NULL,NULL,NULL,NULL,NULL,NULL
325,CE07D681136A11F0969F000C2971ED6B,BIKE,NULL,DSDFGHHFGF,101,BOX_INSTALLED,123454321234,1234321234,68904485FD7E11EFBA7E000C2971ED6B,12345423,2025-04-01,2025-04-26,2025-04-19,NOON_FOOD,A,NULL,"2025-04-07 10:13:09.256",209,71976A94ED2A11EFBA7E000C2971ED6B,"2025-04-07 10:13:09.256",NULL,NULL,NULL,NULL,NULL,NULL,NULL,NULL,NULL,NULL,NULL,NULL,NULL,NULL,NULL,NULL
326,825418DE136D11F0969F000C2971ED6B,BIKE,NULL,WQEFGH,301,BOX_INSTALLED,120106789222,1234561890123456789,,123334511289,2024-04-01,2025-05-07,2025-04-18,ASTER,A,NULL,"2025-04-07 10:32:30.739",209,71976A94ED2A11EFBA7E000C2971ED6B,"2025-04-07 10:32:30.739",NULL,NULL,NULL,NULL,NULL,NULL,NULL,NULL,NULL,NULL,NULL,NULL,NULL,NULL,NULL,NULL
327,A2999918136F11F0969F000C2971ED6B,BIKE,NULL,WQEFGH,301,BOX_INSTALLED,120106789221,1234561890123456789,,123334111289,2024-04-01,2025-05-07,2025-04-18,ASTER,A,NULL,"2025-04-07 10:47:43.875",209,71976A94ED2A11EFBA7E000C2971ED6B,"2025-04-07 10:47:43.875",NULL,NULL,NULL,NULL,NULL,NULL,NULL,NULL,NULL,NULL,NULL,NULL,NULL,NULL,NULL,NULL
329,D96AC91B137311F0969F000C2971ED6B,BIKE,NULL,WQEFGH,301,BOX_INSTALLED,120106789921,1234561810123456789,,123334191289,2024-04-01,2025-05-07,2025-04-18,ASTER,A,NULL,"2025-04-07 11:17:53.830",209,71976A94ED2A11EFBA7E000C2971ED6B,"2025-04-07 11:17:53.830",NULL,NULL,NULL,NULL,NULL,NULL,NULL,NULL,NULL,NULL,NULL,NULL,NULL,NULL,NULL,NULL
331,78FC964B137711F0969F000C2971ED6B,BIKE,NULL,WQEFGH,301,BOX_INSTALLED,120106789121,1234561810123456789,,1233391289,2024-04-01,2025-05-07,2025-04-18,ASTER,A,NULL,"2025-04-07 11:43:50.034",209,71976A94ED2A11EFBA7E000C2971ED6B,"2025-04-07 11:43:50.034",NULL,NULL,NULL,NULL,NULL,NULL,NULL,NULL,NULL,NULL,NULL,NULL,NULL,NULL,NULL,NULL
332,CE00B38B137711F0969F000C2971ED6B,BIKE,NULL,DSG356,101,BOX_NOT_INSTALLED,1234565432123456,34324643,68904485FD7E11EFBA7E000C2971ED6B,35653642,2025-04-01,2025-04-26,2025-04-06,TALABAT,A,NULL,"2025-04-07 11:46:12.667",209,71976A94ED2A11EFBA7E000C2971ED6B,"2025-04-07 11:46:12.667",NULL,NULL,NULL,NULL,NULL,NULL,NULL,NULL,NULL,NULL,NULL,NULL,NULL,NULL,NULL,NULL
333,F9AE5557137B11F0969F000C2971ED6B,BIKE,NULL,WQEFGH,301,BOX_INSTALLED,120106789821,1234561810123456789,,1233381289,2024-04-01,2025-05-07,2025-04-18,ASTER,A,NULL,"2025-04-07 12:16:03.934",209,71976A94ED2A11EFBA7E000C2971ED6B,"2025-04-07 12:16:03.934",NULL,NULL,NULL,NULL,NULL,NULL,NULL,NULL,NULL,NULL,NULL,NULL,NULL,NULL,NULL,NULL
335,F238B951138A11F0969F000C2971ED6B,BIKE,NULL,WTEYH6RTE,101,BOX_NOT_INSTALLED,12345624234,2345634wq42143525,015DFD1AFDA311EFBA7E000C2971ED6B,3245466w5,2025-04-01,2025-04-26,2025-04-16,TALABAT,A,NULL,"2025-04-07 14:03:13.870",209,71976A94ED2A11EFBA7E000C2971ED6B,"2025-04-08 15:06:00.926",71976A94ED2A11EFBA7E000C2971ED6B,NULL,NULL,NULL,NULL,NULL,NULL,NULL,NULL,NULL,NULL,NULL,NULL,NULL,NULL,NULL
338,B4B6742F144411F0969F000C2971ED6B,VAN,NULL,RX100,301,BOX_INSTALLED,CHASIS9898,LEASE989898,4326AD32DC7911EFBA7E000C2971ED6B,98789AO9089,2025-04-01,2025-04-26,2025-04-15,NOON_M,A,NULL,"2025-04-08 12:12:57.067",129,E9B0C348F27F11EFBA7E000C2971ED6B,"2025-04-08 12:17:01.885",E9B0C348F27F11EFBA7E000C2971ED6B,NULL,NULL,NULL,NULL,NULL,NULL,NULL,NULL,NULL,NULL,NULL,NULL,NULL,NULL,NULL
339,07A10F47145911F0969F000C2971ED6B,DRY_CANTER,NULL,FSGDHFGHG,201,BOX_INSTALLED,123456765432,23456765432,69824D92D4D011EFBA7E000C2971ED6B,65432345,2025-04-01,2025-04-19,2025-04-16,NOON_FOOD,A,NULL,"2025-04-08 14:38:26.112",51,B22601CFB91911EFBDA1000C2971ED6B,"2025-04-08 18:14:16.868",B22601CFB91911EFBDA1000C2971ED6B,NULL,NULL,NULL,NULL,NULL,NULL,NULL,NULL,NULL,NULL,NULL,NULL,NULL,NULL,NULL
340,2215C479145D11F0969F000C2971ED6B,CHILLER_CANTER,NULL,8765R67,601,BOX_NOT_INSTALLED,3245678965432,23465432,015DFD1AFDA311EFBA7E000C2971ED6B,354657645,2025-04-09,2025-04-18,2025-04-15,NOON_M,A,NULL,"2025-04-08 15:07:48.485",209,71976A94ED2A11EFBA7E000C2971ED6B,"2025-04-08 15:08:47.215",71976A94ED2A11EFBA7E000C2971ED6B,NULL,NULL,NULL,NULL,NULL,NULL,NULL,NULL,NULL,NULL,NULL,NULL,NULL,NULL,NULL
341,C1ADEFCD145F11F0969F000C2971ED6B,BIKE,NULL,WQEFGH33,301,BOX_INSTALLED,12010679821ff,1234561810123456789n,015DFD1AFDA311EFBA7E000C2971ED6B,123331812891dd,2024-04-01,2025-05-07,2025-04-18,ASTER,A,NULL,"2025-04-08 15:26:35.233",209,71976A94ED2A11EFBA7E000C2971ED6B,"2025-04-09 12:19:53.904",71976A94ED2A11EFBA7E000C2971ED6B,NULL,NULL,NULL,NULL,NULL,NULL,NULL,NULL,NULL,NULL,NULL,NULL,NULL,NULL,NULL
342,8BF41BDB146F11F0969F000C2971ED6B,DRY_CANTER,NULL,ADSFVBRYD5S4EF,401,BOX_NOT_INSTALLED,1231423524566564dgfd,235rtf4wrv3,4EB2AC56E3BA11EFBA7E000C2971ED6B,c43tgvr3,2025-04-01,2025-04-10,2025-04-09,1885STAFF,A,NULL,"2025-04-08 17:19:37.044",51,B22601CFB91911EFBDA1000C2971ED6B,"2025-04-08 17:20:09.107",B22601CFB91911EFBDA1000C2971ED6B,NULL,NULL,NULL,NULL,NULL,NULL,NULL,NULL,NULL,NULL,NULL,NULL,NULL,NULL,NULL
343,4CD6D16C150511F0969F000C2971ED6B,CHILLER_CANTER,NULL,D32QWQ,401,BOX_NOT_INSTALLED,xw3e2,d3we23,69824D92D4D011EFBA7E000C2971ED6B,d32r3dw,2025-04-01,2025-04-19,2025-04-08,CAREEM,A,NULL,"2025-04-09 11:11:35.665",51,B22601CFB91911EFBDA1000C2971ED6B,"2025-04-09 12:12:52.372",B22601CFB91911EFBDA1000C2971ED6B,NULL,NULL,NULL,NULL,NULL,NULL,NULL,NULL,NULL,NULL,NULL,NULL,NULL,NULL,NULL
344,09297DC3150D11F0969F000C2971ED6B,DRY_CANTER,NULL,ESDFC43W,201,BOX_NOT_INSTALLED,dcv34wrefdcs,c34wtrf3wc,A958157B146C11F0969F000C2971ED6B,fv53t42fwc,2025-04-01,2025-04-26,2025-04-07,CAREEM,A,NULL,"2025-04-09 12:06:58.095",209,71976A94ED2A11EFBA7E000C2971ED6B,"2025-04-09 15:12:14.699",71976A94ED2A11EFBA7E000C2971ED6B,NULL,NULL,NULL,NULL,NULL,NULL,NULL,NULL,NULL,NULL,NULL,NULL,NULL,NULL,NULL
345,F51F9A8C151111F0969F000C2971ED6B,VAN,NULL,RX100,201,BOX_INSTALLED,Chasis5678765,Lease56788765,3C6C5009DC7911EFBA7E000C2971ED6B,5678APbc67,2025-04-01,2025-05-08,2025-04-16,NOON_FOOD,A,NULL,"2025-04-09 12:42:11.960",129,E9B0C348F27F11EFBA7E000C2971ED6B,"2025-04-09 12:42:11.960",NULL,NULL,NULL,NULL,NULL,NULL,NULL,NULL,NULL,NULL,NULL,NULL,NULL,NULL,NULL,NULL
346,DAE0EAE8151311F0969F000C2971ED6B,DRY_CANTER,NULL,234EWDFWCSE,401,BOX_NOT_INSTALLED,234565432,23443432,BE70CDAB151311F0969F000C2971ED6B,234323432,2025-04-01,2025-04-19,2025-04-08,1885STAFF,A,NULL,"2025-04-09 12:55:46.922",240,8D2187BE151311F0969F000C2971ED6B,"2025-04-09 15:36:23.242",8D2187BE151311F0969F000C2971ED6B,NULL,NULL,NULL,NULL,NULL,NULL,NULL,NULL,NULL,NULL,NULL,NULL,NULL,NULL,NULL
347,A6C5699C152711F0969F000C2971ED6B,DRY_CANTER,NULL,ESDFC43W,201,BOX_NOT_INSTALLED,dcv3aa4wraefdcs,c34wtrf3wc,AMAZON,fv53tq42fwc,2025-04-01,2025-04-26,2025-04-07,CAREEM,A,NULL,"2025-04-09 15:17:29.434",209,71976A94ED2A11EFBA7E000C2971ED6B,"2025-04-09 15:17:29.434",NULL,NULL,NULL,NULL,NULL,NULL,NULL,NULL,NULL,NULL,NULL,NULL,NULL,NULL,NULL,NULL
348,E2BAF758152711F0969F000C2971ED6B,DRY_CANTER,NULL,ESDFC43W,201,BOX_NOT_INSTALLED,dcv3aa4waefdcs,c34wtrf3wc,AMAZON,fv53tq2fwc,2025-04-01,2025-04-26,2025-04-07,CAREEM,A,NULL,"2025-04-09 15:19:10.029",209,71976A94ED2A11EFBA7E000C2971ED6B,"2025-04-09 15:19:10.029",NULL,NULL,NULL,NULL,NULL,NULL,NULL,NULL,NULL,NULL,NULL,NULL,NULL,NULL,NULL,NULL
349,01ED7C30152811F0969F000C2971ED6B,DRY_CANTER,NULL,ESDFC43W,201,BOX_NOT_INSTALLED,dcv3aa41waefdcs,c34trf3wc,AMAZON,fv53tq2f11wc,2025-04-01,2025-04-26,2025-04-07,CAREEM,A,NULL,"2025-04-09 15:20:02.370",209,71976A94ED2A11EFBA7E000C2971ED6B,"2025-04-09 15:20:02.370",NULL,NULL,NULL,NULL,NULL,NULL,NULL,NULL,NULL,NULL,NULL,NULL,NULL,NULL,NULL,NULL
350,348BF891192311F0969F000C2971ED6B,BIKE,NULL,SXWSQA,201,BOX_NOT_INSTALLED,xc32s1sdcwrcf,dc43tr3f2,7B1DD196152111F0A2D6000C29A442FB,dcwrg13e,2025-04-01,2025-04-18,2025-04-08,NOON_M,A,NULL,"2025-04-14 16:55:44.462",209,71976A94ED2A11EFBA7E000C2971ED6B,"2025-04-14 16:55:44.462",NULL,NULL,NULL,NULL,NULL,NULL,NULL,NULL,NULL,NULL,NULL,NULL,NULL,NULL,NULL,NULL
351,E3A1B85C19CC11F0969F000C2971ED6B,BIKE,NULL,SXWSQA,201,BOX_NOT_INSTALLED,NULL,dc43tr3f2,7B1DD196152111F0A2D6000C29A442FB,dcwrg113e,2025-04-01,2025-04-18,2025-04-08,NOON_M,A,NULL,"2025-04-15 13:10:23.153",51,B22601CFB91911EFBDA1000C2971ED6B,"2025-04-15 13:10:23.153",NULL,NULL,NULL,NULL,NULL,NULL,NULL,NULL,NULL,NULL,NULL,NULL,NULL,NULL,NULL,NULL
352,75BA86D319E711F0969F000C2971ED6B,VAN,NULL,ASFDC,201,BOX_INSTALLED,3243546779809iu,fsdrtfyhijk135432,69824D92D4D011EFBA7E000C2971ED6B,3426543,2018-02-01,2025-04-11,2025-04-09,TALABAT,A,NULL,"2025-04-15 16:20:35.178",51,B22601CFB91911EFBDA1000C2971ED6B,"2025-04-15 16:20:35.178",NULL,NULL,TNL0204,2025-04-21,NULL,NULL,NULL,NULL,NULL,NULL,NULL,NULL,NULL,NULL,NULL,NULL
357,4CA4059D1AAD11F0969F000C2971ED6B,CAR,EASY_LEASE,"RX 120",301,BOX_INSTALLED,Chassis123,Lease143,4326AD32DC7911EFBA7E000C2971ED6B,Vehicle143,2025-04-01,2025-04-29,NULL,NULL,A,NULL,"2025-04-16 15:56:46.596",129,E9B0C348F27F11EFBA7E000C2971ED6B,"2025-04-17 15:22:07.017",E9B0C348F27F11EFBA7E000C2971ED6B,NULL,NULL,NULL,NULL,NULL,NULL,NULL,NULL,NULL,NULL,NULL,NULL,NULL,NULL,NULL
360,8352C0381B5A11F0969F000C2971ED6B,CAR,EASY_LEASE,"RX 120",301,BOX_INSTALLED,Chassis123,Lease143,4326AD32DC7911EFBA7E000C2971ED6B,Vehicle143,2025-04-01,2025-04-29,NULL,NULL,A,NULL,"2025-04-17 12:36:41.273",129,E9B0C348F27F11EFBA7E000C2971ED6B,"2025-04-17 15:22:39.480",E9B0C348F27F11EFBA7E000C2971ED6B,NULL,NULL,NULL,NULL,NULL,NULL,NULL,NULL,NULL,NULL,NULL,NULL,NULL,NULL,NULL
361,2EF275171B6E11F0969F000C2971ED6B,BIKE,LEASE_PLAN,"RX 100",201,BOX_INSTALLED,NULL,Lease123321,D19DCF49E77111EFBA7E000C2971ED6B,Vehicle123321,2025-04-01,2025-04-30,NULL,NULL,A,NULL,"2025-04-17 14:57:29.647",100,C33964EAC47911EFA6CC000C2971ED6B,"2025-04-17 14:59:02.315",C33964EAC47911EFA6CC000C2971ED6B,NULL,GRI0001,2025-04-17,NULL,NULL,NULL,NULL,NULL,NULL,NULL,NULL,NULL,NULL,NULL,NULL
362,AF4308431B6E11F0969F000C2971ED6B,CAR,AUTOSTRAD,Audi,201,BOX_NOT_INSTALLED,Chassis12344321,NULL,D19DCF49E77111EFBA7E000C2971ED6B,Vehicle12344321,2025-04-01,2025-04-30,NULL,NULL,A,NULL,"2025-04-17 15:01:04.924",100,C33964EAC47911EFA6CC000C2971ED6B,"2025-04-17 15:01:04.924",NULL,NULL,NULL,NULL,NULL,NULL,NULL,NULL,NULL,NULL,NULL,NULL,NULL,NULL,NULL,NULL
363,9FEA130A2B2911F0AFA9000C2971ED6B,BIKE,LEASE_PLAN,Yamaha,101,BOX_INSTALLED,87865467890876509876,76543456789098765876,DEFB55B0E90711EFBA7E000C2971ED6B,TS08F4998,2019-01-01,2025-01-07,NULL,NULL,A,NULL,"2025-05-07 15:27:02.505",121,1E15B4FDD4A011EFBA7E000C2971ED6B,"2025-05-07 15:27:02.505",NULL,NULL,NULL,NULL,NULL,NULL,NULL,NULL,NULL,NULL,NULL,NULL,NULL,NULL,NULL,NULL
